{
    "error": "OK",
    "limit": 5,
    "offset": 0,
    "number_of_page_results": 5,
    "number_of_total_results": 2763,
    "status_code": 1,
    "results": [
      {
        "api_detail_url": "https://comicvine.gamespot.com/api/movie/4025-1/",
        "box_office_revenue": "107509799",
        "budget": "130000000",
        "date_added": "2009-07-08 10:55:50",
        "date_last_updated": "2022-04-30 13:31:08",
        "deck": "Adaptation of Moore and Gibbons' seminal miniseries.",
        "description": "\u003Cp\u003EThe Watchmen, follows a group of retired superheros, as they attempt to foil a plot to kill off masked superheroes. As they race to find the killer, the Doomsday clock draws closer to Nuclear War. Soon they find themselves entangled in a web of lies and deceit, that just might save humanity, but at what cost. And just how far will they go to save the world?\u003C/p\u003E",
        "distributor": null,
        "has_staff_review": null,
        "id": 1,
        "image": {
          "icon_url": "https://comicvine.gamespot.com/a/uploads/square_avatar/0/42/868515-watchmen_final_poster.jpg",
          "medium_url": "https://comicvine.gamespot.com/a/uploads/scale_medium/0/42/868515-watchmen_final_poster.jpg",
          "screen_url": "https://comicvine.gamespot.com/a/uploads/screen_medium/0/42/868515-watchmen_final_poster.jpg",
          "screen_large_url": "https://comicvine.gamespot.com/a/uploads/screen_kubrick/0/42/868515-watchmen_final_poster.jpg",
          "small_url": "https://comicvine.gamespot.com/a/uploads/scale_small/0/42/868515-watchmen_final_poster.jpg",
          "super_url": "https://comicvine.gamespot.com/a/uploads/scale_large/0/42/868515-watchmen_final_poster.jpg",
          "thumb_url": "https://comicvine.gamespot.com/a/uploads/scale_avatar/0/42/868515-watchmen_final_poster.jpg",
          "tiny_url": "https://comicvine.gamespot.com/a/uploads/square_mini/0/42/868515-watchmen_final_poster.jpg",
          "original_url": "https://comicvine.gamespot.com/a/uploads/original/0/42/868515-watchmen_final_poster.jpg",
          "image_tags": "All Images,Watchmen"
        },
        "name": "Watchmen",
        "producers": [
          {
            "api_detail_url": "https://comicvine.gamespot.com/api/producer/4040-107931/",
            "id": 107931,
            "name": "Deborah Snyder",
            "site_detail_url": "https://comicvine.gamespot.com/deborah-snyder/4040-107931/"
          },
          {
            "api_detail_url": "https://comicvine.gamespot.com/api/producer/4040-111156/",
            "id": 111156,
            "name": "Lawrence Gordon",
            "site_detail_url": "https://comicvine.gamespot.com/lawrence-gordon/4040-111156/"
          },
          {
            "api_detail_url": "https://comicvine.gamespot.com/api/producer/4040-111157/",
            "id": 111157,
            "name": "Lloyd Levin",
            "site_detail_url": "https://comicvine.gamespot.com/lloyd-levin/4040-111157/"
          },
          {
            "api_detail_url": "https://comicvine.gamespot.com/api/producer/4040-111158/",
            "id": 111158,
            "name": "Wesley Collier",
            "site_detail_url": "https://comicvine.gamespot.com/wesley-collier/4040-111158/"
          }
        ],
        "rating": "R",
        "release_date": "2022-04-30 13:31:08",
        "runtime": "162",
        "site_detail_url": "https://comicvine.gamespot.com/watchmen/4025-1/",
        "studios": [
          {
            "api_detail_url": "https://comicvine.gamespot.com/api/studio/4010-10/",
            "id": 10,
            "name": "DC Comics",
            "site_detail_url": "https://comicvine.gamespot.com/dc-comics/4010-10/"
          },
          {
            "api_detail_url": "https://comicvine.gamespot.com/api/studio/4010-574/",
            "id": 574,
            "name": "Cartoon Network Comics",
            "site_detail_url": "https://comicvine.gamespot.com/cartoon-network-comics/4010-574/"
          },
          {
            "api_detail_url": "https://comicvine.gamespot.com/api/studio/4010-4615/",
            "id": 4615,
            "name": "Paramount Pictures",
            "site_detail_url": "https://comicvine.gamespot.com/paramount-pictures/4010-4615/"
          }
        ],
        "total_revenue": "185258983",
        "writers": [
          {
            "api_detail_url": "https://comicvine.gamespot.com/api/writer/4040-111154/",
            "id": 111154,
            "name": "Alex Tse",
            "site_detail_url": "https://comicvine.gamespot.com/alex-tse/4040-111154/"
          },
          {
            "api_detail_url": "https://comicvine.gamespot.com/api/writer/4040-111155/",
            "id": 111155,
            "name": "David Hayter",
            "site_detail_url": "https://comicvine.gamespot.com/david-hayter/4040-111155/"
          }
        ]
      },
      {
        "api_detail_url": "https://comicvine.gamespot.com/api/movie/4025-2/",
        "box_office_revenue": "134218018",
        "budget": "55000000",
        "date_added": "2009-07-08 10:57:51",
        "date_last_updated": "2021-11-23 19:19:15",
        "deck": "The 1978 film released by Warner Brothers was the first big-budget comic-to-film adaptation and became a blockbuster around the world, following in the footsteps of Star Wars.",
        "description": null,
        "distributor": null,
        "has_staff_review": null,
        "id": 2,
        "image": {
          "icon_url": "https://comicvine.gamespot.com/a/uploads/square_avatar/0/2/868526-superman.jpg",
          "medium_url": "https://comicvine.gamespot.com/a/uploads/scale_medium/0/2/868526-superman.jpg",
          "screen_url": "https://comicvine.gamespot.com/a/uploads/screen_medium/0/2/868526-superman.jpg",
          "screen_large_url": "https://comicvine.gamespot.com/a/uploads/screen_kubrick/0/2/868526-superman.jpg",
          "small_url": "https://comicvine.gamespot.com/a/uploads/scale_small/0/2/868526-superman.jpg",
          "super_url": "https://comicvine.gamespot.com/a/uploads/scale_large/0/2/868526-superman.jpg",
          "thumb_url": "https://comicvine.gamespot.com/a/uploads/scale_avatar/0/2/868526-superman.jpg",
          "tiny_url": "https://comicvine.gamespot.com/a/uploads/square_mini/0/2/868526-superman.jpg",
          "original_url": "https://comicvine.gamespot.com/a/uploads/original/0/2/868526-superman.jpg",
          "image_tags": "All Images"
        },
        "name": "Superman",
        "producers": null,
        "rating": "PG",
        "release_date": "2021-11-23 19:19:15",
        "runtime": "143",
        "site_detail_url": "https://comicvine.gamespot.com/superman/4025-2/",
        "studios": [
          {
            "api_detail_url": "https://comicvine.gamespot.com/api/studio/4010-574/",
            "id": 574,
            "name": "Cartoon Network Comics",
            "site_detail_url": "https://comicvine.gamespot.com/cartoon-network-comics/4010-574/"
          }
        ],
        "total_revenue": "300218018",
        "writers": null
      },
      {
        "api_detail_url": "https://comicvine.gamespot.com/api/movie/4025-3/",
        "box_office_revenue": "179179718",
        "budget": "78000000",
        "date_added": "2009-07-08 11:15:16",
        "date_last_updated": "2021-01-20 17:22:12",
        "deck": "Daredevil is a film adaptation of the Daredevil comic book series. It features Kingpin as the main villain, alongside Bullseye, and has Elektra, Foggy Nelson, Ben Urich and Father Everett as supporting characters.",
        "description": "\u003Cp\u003EThe film Daredevil starts off with Daredevil at a church, weakened and nearly unconscious. He is found by Father Everett, who unmasks him to see that it is Matthew Murdock, a blind lawyer. Matt's mind then goes back to how he got his powers.\u003C/p\u003E\u003Cp\u003EAn unknown time ago, young Matt was growing up with his father, a boxer named Jack \"The Devil\" Murdock. Jack frequently made Matt promise that he would study hard, and not end up a loser like him. A few days later, Matt is walking home from school along the docks, when he sees his father attacking someone. Out of fear, Matt runs away, but has radioactive waste sprayed into his eye when a forklift accidentally opens a barrel. Matt wakes up in hospital some time later, blind, but with his remaining senses superhumanly sharp. His father and him make a silent promise to each other to never give up.\u003C/p\u003E\u003Cp\u003EMatt's father regrets this promise later, as he is supposed to purposely lose a fight, but doesn't for Matt's sake. As a result of this, Matt's father is murdered.\u003C/p\u003E\u003Cp\u003EGoing forwards about ten years later, Matt is a lawyer alongside his colleague Franklin \"Foggy\" Nelson. In court, he uses his super hearing to tell that a man is guilty, but cannot prove it. As a result, the criminal goes free, but Matt decides to stop him. That night, he gets into his Daredevil costume and tracks down the man to a bar. After he defeats everyone else in the bar, he chases the man to a subway station, and pushes the man onto the tracks, where he is run over by a subway. The next day, the police find the body, and a reporter named Ben Urich tries to convince them it was Daredevil's work, but the police don't believe him.\u003C/p\u003E\u003Cp\u003EThat same day, Foggy and Matt are in a cafe, where Matt notices a young woman. He follows her out of the cafe, insisting that she should give him her name, but she refuses. The two have a fight in a playground, where neither are able to gain an advantage over the other, which is a first for both of them. Eventually the woman tells Matt that her name is Elektra Natchios. Elektra is the daughter of Nikolas Natchios, a billionaire, who is secretly working for the Kingpin of crime. Nikolas tells the Kingpin (Wilson Fisk) that he is going to stop crime, but after he does so, Wilson makes plans to frame him as being the Kingpin.\u003C/p\u003E\u003Cp\u003EShortly afterwards, the assassin Bullseye manages to kill Nikolas Natchios, and makes it look as if Daredevil is the murderer. Elektra swears revenge on Daredevil, which leads to her and Daredevil fighting. Elektra manages to badly wound and unmask Daredevil, and realises that he didn't kill her father. Just after Elektra unmasks Daredevil, she is attacked and killed by Bullseye. Daredevil escapes to a church, where the movie began, but is followed by Bullseye. The two fight until Daredevil manages to get a police sniper to shoot Bullseye's hands. Daredevil then throws Bullseye to the ground from the top of the church.\u003C/p\u003E\u003Cp\u003EDaredevil then goes to Wilson Fisk, as Bullseye mentioned that he was the real Kingpin. Daredevil and Kingpin fight, and for a moment it seems as if Kingpin has won, but then Daredevil smashes a window, bringing rain in which makes it easier for Matt to fight in. With the advantage, Kingpin is soon defeated.\u003C/p\u003E\u003Ch2\u003EDirector's Cut\u003C/h2\u003E\u003Cp\u003EIn November 2004, a DVD director's cut of the film which removed unnecessary content, upgraded the film to an R-rating and added in a thirty minute sub-plot. The subplot has Matt Murdock solving the case of Lisa Tazio's murder with him and Foggy Nelson defending Dante Jackson. Dante was proven innocent since Tazio was killed by Wesley Owen Welch on August 9th.\u003C/p\u003E",
        "distributor": null,
        "has_staff_review": null,
        "id": 3,
        "image": {
          "icon_url": "https://comicvine.gamespot.com/a/uploads/square_avatar/0/42/868557-daredevil_ver2.jpg",
          "medium_url": "https://comicvine.gamespot.com/a/uploads/scale_medium/0/42/868557-daredevil_ver2.jpg",
          "screen_url": "https://comicvine.gamespot.com/a/uploads/screen_medium/0/42/868557-daredevil_ver2.jpg",
          "screen_large_url": "https://comicvine.gamespot.com/a/uploads/screen_kubrick/0/42/868557-daredevil_ver2.jpg",
          "small_url": "https://comicvine.gamespot.com/a/uploads/scale_small/0/42/868557-daredevil_ver2.jpg",
          "super_url": "https://comicvine.gamespot.com/a/uploads/scale_large/0/42/868557-daredevil_ver2.jpg",
          "thumb_url": "https://comicvine.gamespot.com/a/uploads/scale_avatar/0/42/868557-daredevil_ver2.jpg",
          "tiny_url": "https://comicvine.gamespot.com/a/uploads/square_mini/0/42/868557-daredevil_ver2.jpg",
          "original_url": "https://comicvine.gamespot.com/a/uploads/original/0/42/868557-daredevil_ver2.jpg",
          "image_tags": "All Images"
        },
        "name": "Daredevil",
        "producers": [
          {
            "api_detail_url": "https://comicvine.gamespot.com/api/producer/4040-60564/",
            "id": 60564,
            "name": "Avi Arad",
            "site_detail_url": "https://comicvine.gamespot.com/avi-arad/4040-60564/"
          },
          {
            "api_detail_url": "https://comicvine.gamespot.com/api/producer/4040-103630/",
            "id": 103630,
            "name": "Gary Foster",
            "site_detail_url": "https://comicvine.gamespot.com/gary-foster/4040-103630/"
          },
          {
            "api_detail_url": "https://comicvine.gamespot.com/api/producer/4040-103631/",
            "id": 103631,
            "name": "Arnon Milchan",
            "site_detail_url": "https://comicvine.gamespot.com/arnon-milchan/4040-103631/"
          }
        ],
        "rating": "PG-13",
        "release_date": "2021-01-20 17:22:12",
        "runtime": "103",
        "site_detail_url": "https://comicvine.gamespot.com/daredevil/4025-3/",
        "studios": null,
        "total_revenue": "102543518",
        "writers": [
          {
            "api_detail_url": "https://comicvine.gamespot.com/api/writer/4040-40467/",
            "id": 40467,
            "name": "Stan Lee",
            "site_detail_url": "https://comicvine.gamespot.com/stan-lee/4040-40467/"
          },
          {
            "api_detail_url": "https://comicvine.gamespot.com/api/writer/4040-103629/",
            "id": 103629,
            "name": "Mark Steven Johnson",
            "site_detail_url": "https://comicvine.gamespot.com/mark-steven-johnson/4040-103629/"
          }
        ]
      },
      {
        "api_detail_url": "https://comicvine.gamespot.com/api/movie/4025-4/",
        "box_office_revenue": "251188924",
        "budget": "35000000",
        "date_added": "2009-07-08 11:25:01",
        "date_last_updated": "2022-02-26 12:48:01",
        "deck": "The first film in the Batman universe. Featuring Michael Keaton as Batman and Jack Nicholson as the Joker.",
        "description": "\u003Cp\u003EThe movie begins in an alley at \u003Ca href=\"/gotham-city/4020-23611/\" data-ref-id=\"4020-23611\"\u003EGotham City\u003C/a\u003E where two thugs are being attacked by a mysterious figure dressed up as a bat. One thug begs not to be killed, but the figure tells him that he has no intention to kill him. When he asks who he is, the figure replies that he is \u003Ca href=\"/batman/4005-1699/\" data-ref-id=\"4005-1699\"\u003EBatman\u003C/a\u003E.\u003C/p\u003E\u003Cp\u003EIn the night, the mayor makes a speech of how Gotham is corrupt by the hands of crime boss, Carl Grissom, and because of that, the cops have became corrupt as well. A man named \u003Ca href=\"/joker/4005-1702/\" data-ref-id=\"4005-1702\"\u003EJack Napier\u003C/a\u003E is watching this with Alicia, his boss' mistress. She is worried that they'll be in trouble if Grissom found out about them being together. Napier then leaves afterwards.\u003C/p\u003E\u003Cp\u003EA reporter named Alex Knox is trying to interview a corrupt cop named Lt. Eckhart, but fails. Just then, the latter is confronted by Napier, who reminds him that his problems are their problems. Eckhart remarks that he'll only take orders from Grissom, not to psychos. When Eckhart insults him about being an A-1 boy, Napier pushes him to a wall and has his henchman, Bob, to put him at gunpoint in order to convince him.\u003C/p\u003E\u003Cp\u003EMeanwhile, Knox is talking with reporter Vicky Vale about Batman.\u003C/p\u003E\u003Cp\u003EAt the same time, Grissom is upset about how Harvey Dent has a connection to him with Axis Chemicals. When Napier says about going there, Grissom orders him to go to Axis Chemicals. After the meeting, Napier complains about he doesn't want to go there, and Grissom tells him that he needs someone he can trust and that, Napier is his number 1 guy. When Napier leaves, Grissom goes to the phone to call Eckhart.\u003C/p\u003E\u003Cp\u003EIn \u003Ca href=\"/wayne-manor/4020-55767/\" data-ref-id=\"4020-55767\"\u003EWayne Manor\u003C/a\u003E, a party occurs. Vicky asks a man for Bruce Wayne, but he states that he doesn't know him. Knox is interviewing \u003Ca href=\"/james-gordon/4005-3727/\" data-ref-id=\"4005-3727\"\u003ECommissioner Gordon\u003C/a\u003E and the mayor. The former is told by a policeman that Napier is cleaning up Axis Chemicals and that Eckhart didn't tell him about it.\u003C/p\u003E\u003Cp\u003EVicky and Knox go to a place to see armors. They don't know one, and a man states that he bought is from Japan and reveals that he is Bruce Wayne. Just then, his butler, \u003Ca href=\"/alfred/4005-5556/\" data-ref-id=\"4005-5556\"\u003EAlfred\u003C/a\u003E, calls him about to go somewhere.\u003C/p\u003E\u003Cp\u003EBruce is watching the conversation between Vicky and Knox by camera and gets a conversation between Gordon and a policeman about Napier cleaning up Axis Chemicals.\u003C/p\u003E\u003Cp\u003EIn Axis Chemicals, Eckhart orders his men to find Napier and kill him. Meanwhile, Napier and his men open a safe to find no papers there. The former realizes that they've been ratted out. Just then, they were attacked by the policemen.\u003C/p\u003E\u003Cp\u003EGordon arrives to tell Eckhart that he is charge of the investigation, not Grissom. He orders the policemen to take Napier alive and the one who will open fire on him will be in trouble. At the same time, Batman arrives and captures one of the criminals.\u003C/p\u003E\u003Cp\u003ENapier runs around the plant with Batman following him. He tries to kill Gordon, but Batman grabs him. However, Bob points Gordon at gunpoint in order to get Batman to release Napier. Napier points his gun at Batman, but he escapes. Just then, he finds Eckhart and kills him. Napier fires a shot at Batman, but the latter ricochets the bullet to the former's face, causing him to fall to a vat of chemicals. Batman tries to save him, but Napier falls to the chemicals. Gordon tries to get Batman, but he escapes. In the sewers, Napier's hand emerges from the waters.\u003C/p\u003E\u003Cp\u003EMeanwhile, Bruce is having a date with Vicky. At the same time, Grissom is greeted by Napier, who is upset that he betrayed him for being with his mistress. He tries to tell him that they could have a deal, but Napier tells him to call him Joker and reveals his clown-like appearance. He kills Grissom afterwards. Bruce is kissing with Vicky at the stairway. Joker is planning to show himself to Gotham.\u003C/p\u003E\u003Cp\u003EIn the morning, Vicky leaves. Meanwhile, Alicia is greeted by Joker and is scared that she fainted.\u003C/p\u003E\u003Cp\u003EJoker has a meeting with the crime bosses and tells them that he is charge of Grissom's empire. When Rotelli refuses to do such orders from him, Joker electrocutes him to death with his joybuzzer, and his men puts all of the crime bosses at gunpoint. Ricorso remarks that he is crazy for what he did. Joker orders the crime bosses to leave. He orders Bob to find the Batman and calls him to be his number 1 guy. Joker begins insulting Rotelli's corpse that he is glad that he's dead.\u003C/p\u003E\u003Cp\u003EMeanwhile, Bruce is putting flowers on a floor. What he didn't know is that Vicky is following him.\u003C/p\u003E\u003Cp\u003EAt City Hall, Knox interviews about Grissom's death. Just then, Joker shows up and kills Ricorso by stabbing him in the neck with a feather. He orders the mimes to open fire. Vicky tries to warn Bruce, but he is not hurt and looks at Joker as he leaves.\u003C/p\u003E\u003Cp\u003EJoker is watching the news and is upset of how Batman gets his presses. Bruce is shocked that Joker is still alive after the incident at Axis Chemicals and wants a profile of him.\u003C/p\u003E\u003Cp\u003EJoker is cutting pictures at his table. Just then, Bob shows him photos of Knox and Vicky. Joker begins to fall in love with the latter and orders Bob to get a phone book for her. He dances afterwards.\u003C/p\u003E\u003Cp\u003EIn the night, Joker orders the scientists at Axis Chemicals to ship his chemical. In the news, one reporter dies after laughing too much. Just then, Joker shows a commercial of his products with the secret ingredient: Smiley. He reveals of how he those products to kill people with a smile just like what happened to the reporter.\u003C/p\u003E\u003Cp\u003EBruce is watching this and Alfred gives him a profile of Jack Napier. It is revealed that he begins to commit crimes as a kid and has knowledge of arts and chemistry. Meanwhile, Joker puts on his makeup and Alicia asks him where they are going. He replies about making art.\u003C/p\u003E\u003Cp\u003EIn Gotham Art Museum, Vicky is meeting with someone, but after waiting for too long, gets a package to put on a gas mask. Just then, people are knocked out by a gas and Vicky puts on the mask for protection.\u003C/p\u003E\u003Cp\u003EJust then, Joker and his men arrive and vandalize the museum before meeting with Vicky. After scaring her by showing Alicia's face being damaged, Joker attempts to kill her by using acid, but she escapes and throws water at his face. When Vicky tries to comfort him, Joker scares her by showing his clown-like face underneath. Just then, Batman arrives and rescues Vicky. He takes on Joker's men and takes Vicky to the Batcave where he makes her asleep.\u003C/p\u003E\u003Cp\u003EThe next morning, the news announces about what are Joker's products to stay away from. Joker is watching this and plans on having Batman killed.\u003C/p\u003E\u003Cp\u003EBruce goes to Vicky's apartment to tell her the reason why he didn't show up at the Gotham Art Museum. However, Joker and his men arrive. The former is upset that Vicky has run out of him and tells her that bad news: Alicia threw herself out of the window. Just then, Bruce tells Joker a story about a mean kid who is crazy and has his lights out. The latter shoots him, and leaves with his men. Vicky goes to Bruce only to find him gone and that he uses a tray to protect himself. She opens a present from Joker and faints when it shows a hand holding flowers.\u003C/p\u003E\u003Cp\u003EMeanwhile, Bruce is looking at the news about the murder of his parents. At the same time, Joker announces of having a parade tonight. Bruce has a flashback that he, as Napier, is responsible for the death of his parents. Vicky arrives to the Batcave and now knows that Bruce Wayne is Batman.\u003C/p\u003E\u003Cp\u003EAs Batman, he goes to Axis Chemicals and destroys it. However, Joker taunts him that he misses him.\u003C/p\u003E\u003Cp\u003EMeanwhile, Joker has drop $20,000,000 to the people and plans to kill them with his gas. However, Batman grabs the balloons and lets them fly away. Joker is complaining of how he could have a vehicle that could let him fly and kills Bob. While his men are causing trouble, Joker orders Batman to shoot him down, but misses the shot, and he shots the latter down.\u003C/p\u003E\u003Cp\u003EWhen Vicky tries to look for Batman, Joker puts her at gunpoint and orders transportation from Gotham Cathedral. Batman emerges from the wrecked vehicle and follows Joker. When getting to the top of the tower, Joker has his men get Batman while he dances with Vicky.\u003C/p\u003E\u003Cp\u003EAfter defeating them, Batman punches Joker and plans to have him killed. The latter states that he can't do that because he made him the way he is after the incident at Axis Chemicals. Batman fights Joker and punches him out of the tower. However, he grabs Batman and Vicky down to the ledge of the tower. Joker tries to have Batman and Vicky fall to their deaths. Just then, a helicopter came and Joker plans to leave the two there. While trying to escape, Batman uses his grapple to attach Joker's foot to a gargoyle. Because of this, Joker falls to his death. Batman saves Vicky from falling.\u003C/p\u003E\u003Cp\u003EThe police surrounds Joker's corpse and Gordon finds a laughing voice on his pocket.\u003C/p\u003E\u003Cp\u003EGordon gets a letter about how to use the Bat-like signal to call Batman whenever Gotham City is in danger. Vicky looks at the top of a building to find him standing there with the Bat signal activated.\u003C/p\u003E",
        "distributor": null,
        "has_staff_review": null,
        "id": 4,
        "image": {
          "icon_url": "https://comicvine.gamespot.com/a/uploads/square_avatar/3/38826/1152186-0abbatman.jpg",
          "medium_url": "https://comicvine.gamespot.com/a/uploads/scale_medium/3/38826/1152186-0abbatman.jpg",
          "screen_url": "https://comicvine.gamespot.com/a/uploads/screen_medium/3/38826/1152186-0abbatman.jpg",
          "screen_large_url": "https://comicvine.gamespot.com/a/uploads/screen_kubrick/3/38826/1152186-0abbatman.jpg",
          "small_url": "https://comicvine.gamespot.com/a/uploads/scale_small/3/38826/1152186-0abbatman.jpg",
          "super_url": "https://comicvine.gamespot.com/a/uploads/scale_large/3/38826/1152186-0abbatman.jpg",
          "thumb_url": "https://comicvine.gamespot.com/a/uploads/scale_avatar/3/38826/1152186-0abbatman.jpg",
          "tiny_url": "https://comicvine.gamespot.com/a/uploads/square_mini/3/38826/1152186-0abbatman.jpg",
          "original_url": "https://comicvine.gamespot.com/a/uploads/original/3/38826/1152186-0abbatman.jpg",
          "image_tags": "All Images"
        },
        "name": "Batman",
        "producers": [
          {
            "api_detail_url": "https://comicvine.gamespot.com/api/producer/4040-111163/",
            "id": 111163,
            "name": "Paul Guber",
            "site_detail_url": "https://comicvine.gamespot.com/paul-guber/4040-111163/"
          },
          {
            "api_detail_url": "https://comicvine.gamespot.com/api/producer/4040-111164/",
            "id": 111164,
            "name": "Jon Peters",
            "site_detail_url": "https://comicvine.gamespot.com/jon-peters/4040-111164/"
          },
          {
            "api_detail_url": "https://comicvine.gamespot.com/api/producer/4040-111165/",
            "id": 111165,
            "name": "Chris Kenny",
            "site_detail_url": "https://comicvine.gamespot.com/chris-kenny/4040-111165/"
          }
        ],
        "rating": "PG-13",
        "release_date": "2022-02-26 12:48:01",
        "runtime": "126",
        "site_detail_url": "https://comicvine.gamespot.com/batman/4025-4/",
        "studios": [
          {
            "api_detail_url": "https://comicvine.gamespot.com/api/studio/4010-10/",
            "id": 10,
            "name": "DC Comics",
            "site_detail_url": "https://comicvine.gamespot.com/dc-comics/4010-10/"
          },
          {
            "api_detail_url": "https://comicvine.gamespot.com/api/studio/4010-574/",
            "id": 574,
            "name": "Cartoon Network Comics",
            "site_detail_url": "https://comicvine.gamespot.com/cartoon-network-comics/4010-574/"
          }
        ],
        "total_revenue": "411348924",
        "writers": [
          {
            "api_detail_url": "https://comicvine.gamespot.com/api/writer/4040-41467/",
            "id": 41467,
            "name": "Sam Hamm",
            "site_detail_url": "https://comicvine.gamespot.com/sam-hamm/4040-41467/"
          },
          {
            "api_detail_url": "https://comicvine.gamespot.com/api/writer/4040-111162/",
            "id": 111162,
            "name": "Warren Skaaren",
            "site_detail_url": "https://comicvine.gamespot.com/warren-skaaren/4040-111162/"
          }
        ]
      },
      {
        "api_detail_url": "https://comicvine.gamespot.com/api/movie/4025-5/",
        "box_office_revenue": "190400000",
        "budget": "54000000",
        "date_added": "2009-07-08 11:25:47",
        "date_last_updated": "2018-03-23 14:01:53",
        "deck": "Although Superman II was shot partially in step with the first movie, director Richard Lester replaced Donner behind the camera. The film's plot picks up immediately after the original film. Despite the behind the scenes drama, the film was a box office smash.",
        "description": "\u003Cp\u003ESuperman faces off against a group of Kryptonian villains that had been captured in the Phantom Zone as well as his old nemesis Lex Luthor. Previous to these problems he reveals his true identity to Lois as he determines that if he is to have a real relationship with her that he must let her know both sides of his life. This further causes him to give up his powers, which occurs at a bad time as this is when the villains choose to strike.\u003C/p\u003E",
        "distributor": null,
        "has_staff_review": null,
        "id": 5,
        "image": {
          "icon_url": "https://comicvine.gamespot.com/a/uploads/square_avatar/6/62070/2725437-superman_ii.jpg",
          "medium_url": "https://comicvine.gamespot.com/a/uploads/scale_medium/6/62070/2725437-superman_ii.jpg",
          "screen_url": "https://comicvine.gamespot.com/a/uploads/screen_medium/6/62070/2725437-superman_ii.jpg",
          "screen_large_url": "https://comicvine.gamespot.com/a/uploads/screen_kubrick/6/62070/2725437-superman_ii.jpg",
          "small_url": "https://comicvine.gamespot.com/a/uploads/scale_small/6/62070/2725437-superman_ii.jpg",
          "super_url": "https://comicvine.gamespot.com/a/uploads/scale_large/6/62070/2725437-superman_ii.jpg",
          "thumb_url": "https://comicvine.gamespot.com/a/uploads/scale_avatar/6/62070/2725437-superman_ii.jpg",
          "tiny_url": "https://comicvine.gamespot.com/a/uploads/square_mini/6/62070/2725437-superman_ii.jpg",
          "original_url": "https://comicvine.gamespot.com/a/uploads/original/6/62070/2725437-superman_ii.jpg",
          "image_tags": "All Images"
        },
        "name": "Superman II",
        "producers": null,
        "rating": "PG",
        "release_date": "2018-03-23 14:01:53",
        "runtime": "127",
        "site_detail_url": "https://comicvine.gamespot.com/superman-ii/4025-5/",
        "studios": [
          {
            "api_detail_url": "https://comicvine.gamespot.com/api/studio/4010-574/",
            "id": 574,
            "name": "Cartoon Network Comics",
            "site_detail_url": "https://comicvine.gamespot.com/cartoon-network-comics/4010-574/"
          }
        ],
        "total_revenue": "190400000",
        "writers": null
      }
    ],
    "version": "1.0"
  }